{
    "block_propagation": {
        "blocks propagation delay to node 0": {
            "1": 0.1349999999999909,
            "2": 0.0724999999999909,
            "3": 0.06789999999978136,
            "4": 0.08179999999993015,
            "5": 0.098700000000008,
            "6": 0.07899999999972351,
            "7": 0.08669999999983702,
            "8": 0.07999999999992724,
            "9": 0.06759999999940192,
            "10": 0.06299999999919237,
            "11": 0.09829999999965366,
            "12": 0.07840000000032887,
            "13": 0.07029999999940628,
            "14": 0.06919999999990978,
            "15": 0.08399999999983265
        },
        "blocks propagation delay to node 1": {
            "1": 0.12920000000002574,
            "2": 0.17210000000000036,
            "3": 0.2019999999997708,
            "4": 0.06549999999970169,
            "5": 0.1460999999994783,
            "6": 0.26549999999997453,
            "7": 0.1315999999997075,
            "8": 0.16339999999945576,
            "9": 0.12780000000020664,
            "10": 0.13509999999951106,
            "11": 0.1146999999991749,
            "12": 0.12679999999909342,
            "13": 0.12879999999950087,
            "14": 0.189700000000812,
            "15": 0.16259999999965657
        },
        "blocks propagation delay to node 2": {
            "1": 0.07049999999998136,
            "2": 0.10120000000006257,
            "3": 0.1580999999996493,
            "4": 0.1940999999997075,
            "5": 0.18629999999939173,
            "6": 0.22830000000021755,
            "7": 0.18709999999964566,
            "8": 0.21539999999913562,
            "9": 0.22400000000016007,
            "10": 0.15119999999933498,
            "11": 0.12359999999898719,
            "12": 0.1356999999989057,
            "13": 0.24249999999938154,
            "14": 0.11490000000048894,
            "15": 0.16859999999996944
        },
        "blocks propagation delay to node 3": {
            "1": 0,
            "2": 0,
            "3": 0,
            "4": 0,
            "5": 0,
            "6": 0,
            "7": 0,
            "8": 0,
            "9": 0,
            "10": 0,
            "11": 0,
            "12": 0,
            "13": 0,
            "14": 0,
            "15": 0
        }
    },
    "system summary": {
        "start_simulation_time": "01-01 00:00:00",
        "end_simulation_time": "01-01 02:00:00",
        "number_of_nodes": 4,
        "number_of_blocks": 16,
        "fork_rate": 0.0
    },
    "0_summary": {
        "nid": 0,
        "region": "America",
        "connections": [
            1,
            2,
            3
        ],
        "hashrate": 26000000,
        "head_block_hash": "15 #15",
        "number_of_total_known_blocks": 16,
        "number_of_total_blocks_inchain": 16,
        "number_of_blocks_on_main_chain": 16,
        "main_chain_list": [
            "15",
            "14",
            "13",
            "12",
            "11",
            "10",
            "9",
            "8",
            "7",
            "6",
            "5",
            "4",
            "3",
            "2",
            "1",
            "0"
        ]
    },
    "1_summary": {
        "nid": 1,
        "region": "Asia",
        "connections": [
            0,
            2,
            3
        ],
        "hashrate": 34000000,
        "head_block_hash": "15 #15",
        "number_of_total_known_blocks": 16,
        "number_of_total_blocks_inchain": 16,
        "number_of_blocks_on_main_chain": 16,
        "main_chain_list": [
            "15",
            "14",
            "13",
            "12",
            "11",
            "10",
            "9",
            "8",
            "7",
            "6",
            "5",
            "4",
            "3",
            "2",
            "1",
            "0"
        ]
    },
    "2_summary": {
        "nid": 2,
        "region": "Asia",
        "connections": [
            0,
            1,
            3
        ],
        "hashrate": 40000000,
        "head_block_hash": "15 #15",
        "number_of_total_known_blocks": 16,
        "number_of_total_blocks_inchain": 16,
        "number_of_blocks_on_main_chain": 16,
        "main_chain_list": [
            "15",
            "14",
            "13",
            "12",
            "11",
            "10",
            "9",
            "8",
            "7",
            "6",
            "5",
            "4",
            "3",
            "2",
            "1",
            "0"
        ]
    },
    "3_summary": {
        "nid": 3,
        "region": "Europe",
        "connections": [
            0,
            1,
            2
        ],
        "hashrate": 3000000,
        "head_block_hash": "15 #15",
        "number_of_total_known_blocks": 16,
        "number_of_total_blocks_inchain": 16,
        "number_of_blocks_on_main_chain": 16,
        "main_chain_list": [
            "15",
            "14",
            "13",
            "12",
            "11",
            "10",
            "9",
            "8",
            "7",
            "6",
            "5",
            "4",
            "3",
            "2",
            "1",
            "0"
        ]
    }
}