{
    "block_propagation": {
        "blocks propagation delay to node 0": {
            "1": 102.9658000000054,
            "2": 226.6156000001356,
            "3": 0,
            "4": 118.83740000007674,
            "5": 124.75899999961257,
            "6": 218.43549999967217,
            "7": 79.48179999925196,
            "8": 119.61969999969006,
            "9": 172.1887999996543,
            "10": 0,
            "11": 132.73170000035316,
            "12": 171.0816000001505,
            "13": 155.14060000050813,
            "14": 173.1379000004381
        },
        "blocks propagation delay to node 1": {
            "1": 240.55260000005364,
            "2": 149.12920000008307,
            "3": 211.40760000003502,
            "4": 172.06269999966025,
            "5": 275.28060000017285,
            "6": 277.44570000004023,
            "7": 98.89169999957085,
            "8": 236.80269999988377,
            "9": 284.45199999958277,
            "10": 213.84460000041872,
            "11": 376.3370000002906,
            "12": 322.1791000002995,
            "13": 144.12750000040978,
            "14": 231.2632000008598
        },
        "blocks propagation delay to node 2": {
            "1": 314.9359000000404,
            "2": 205.8595000000205,
            "3": 196.12069999985397,
            "4": 220.90540000004694,
            "5": 223.1243999991566,
            "6": 351.4905999992043,
            "7": 0.0012999996542930603,
            "8": 248.55179999954998,
            "9": 281.2821000004187,
            "10": 204.06070000026375,
            "11": 322.4278000006452,
            "12": 333.06850000005215,
            "13": 272.26120000053197,
            "14": 294.68370000086725
        },
        "blocks propagation delay to node 3": {
            "1": 199.7778999999864,
            "2": 82.14710000017658,
            "3": 176.41110000014305,
            "4": 145.713399999775,
            "5": 0,
            "6": 90.12779999990016,
            "7": 126.03489999938756,
            "8": 255.29239999968559,
            "9": 175.58139999955893,
            "10": 191.152499999851,
            "11": 287.13360000029206,
            "12": 175.0336999995634,
            "13": 55.409099999815226,
            "14": 128.7205999996513
        },
        "blocks propagation delay to node 4": {
            "1": 217.11250000004657,
            "2": 0,
            "3": 133.33250000001863,
            "4": 164.5623999997042,
            "5": 99.77480000071228,
            "6": 49.69319999963045,
            "7": 0,
            "8": 274.3895999994129,
            "9": 211.09629999939352,
            "10": 124.66669999994338,
            "11": 209.48049999959767,
            "12": 188.5407999996096,
            "13": 0,
            "14": 200.5764999995008
        },
        "blocks propagation delay to node 5": {
            "1": 263.0601000000024,
            "2": 153.43900000024587,
            "3": 228.10320000024512,
            "4": 96.45679999981076,
            "5": 54.35130000021309,
            "6": 150.57309999968857,
            "7": 154.28419999964535,
            "8": 335.5509000001475,
            "9": 141.77479999978095,
            "10": 237.24239999987185,
            "11": 350.7748000007123,
            "12": 119.35020000021905,
            "13": 114.92929999995977,
            "14": 111.02630000002682
        },
        "blocks propagation delay to node 6": {
            "1": 246.33920000004582,
            "2": 35.4609000000637,
            "3": 175.83660000003874,
            "4": 107.64099999982864,
            "5": 64.19270000047982,
            "6": 0,
            "7": 51.353799999691546,
            "8": 286.93800000008196,
            "9": 153.93839999940246,
            "10": 158.2033999999985,
            "11": 242.4167999997735,
            "12": 129.6239999998361,
            "13": 44.38360000029206,
            "14": 121.39259999990463
        },
        "blocks propagation delay to node 7": {
            "1": 296.9274999999907,
            "2": 136.01100000017323,
            "3": 150.24299999978393,
            "4": 17.130200000014156,
            "5": 144.83760000020266,
            "6": 136.07320000045002,
            "7": 182.99249999970198,
            "8": 359.42920000012964,
            "9": 16.88289999961853,
            "10": 131.19189999997616,
            "11": 311.0042000003159,
            "12": 16.095200000330806,
            "13": 170.87609999999404,
            "14": 16.260599999688566
        },
        "blocks propagation delay to node 8": {
            "1": 315.5760999999475,
            "2": 143.38859999994747,
            "3": 164.58549999957904,
            "4": 0,
            "5": 140.78700000047684,
            "6": 147.92559999972582,
            "7": 192.00439999997616,
            "8": 374.8935000002384,
            "9": 0,
            "10": 149.79949999973178,
            "11": 326.8691000007093,
            "12": 0,
            "13": 158.55979999992996,
            "14": 0
        },
        "blocks propagation delay to node 9": {
            "1": 0,
            "2": 140.4558000001125,
            "3": 78.80329999979585,
            "4": 215.45060000009835,
            "5": 184.37540000025183,
            "6": 246.5424999995157,
            "7": 188.70569999981672,
            "8": 0,
            "9": 281.51669999957085,
            "10": 128.28930000029504,
            "11": 0,
            "12": 274.568900000304,
            "13": 239.26880000066012,
            "14": 274.6156000001356
        }
    },
    "system summary": {
        "start_simulation_time": "01-01 00:00:00",
        "end_simulation_time": "03-25 08:00:00",
        "number_of_nodes": 10,
        "number_of_blocks": 15,
        "fork_rate": 0.0
    },
    "0_summary": {
        "nid": 0,
        "region": "NORTH_AMERICA",
        "connections": [
            4,
            7,
            9,
            6,
            1,
            2
        ],
        "hashrate": 28000000,
        "head_block_hash": "14 #14",
        "number_of_total_known_blocks": 15,
        "number_of_total_blocks_inchain": 15,
        "number_of_blocks_on_main_chain": 15,
        "main_chain_list": [
            "14",
            "13",
            "12",
            "11",
            "10",
            "9",
            "8",
            "7",
            "6",
            "5",
            "4",
            "3",
            "2",
            "1",
            "0"
        ]
    },
    "1_summary": {
        "nid": 1,
        "region": "SOUTH_AMERICA",
        "connections": [
            0,
            7,
            9,
            3,
            8,
            5
        ],
        "hashrate": 10000000,
        "head_block_hash": "14 #14",
        "number_of_total_known_blocks": 15,
        "number_of_total_blocks_inchain": 15,
        "number_of_blocks_on_main_chain": 15,
        "main_chain_list": [
            "14",
            "13",
            "12",
            "11",
            "10",
            "9",
            "8",
            "7",
            "6",
            "5",
            "4",
            "3",
            "2",
            "1",
            "0"
        ]
    },
    "2_summary": {
        "nid": 2,
        "region": "SOUTH_AMERICA",
        "connections": [
            1,
            6,
            0,
            9,
            3,
            7
        ],
        "hashrate": 13000000,
        "head_block_hash": "14 #14",
        "number_of_total_known_blocks": 15,
        "number_of_total_blocks_inchain": 15,
        "number_of_blocks_on_main_chain": 15,